Workbook

Sheet Resumo Validação
A1: Mês | B1: Orçado Mês | C1: Soma Meta Diária | D1: Diferença Diária | E1: Soma Meta Horária | F1: Diferença Horária
A2: jan/26 | B2: 1427357 | C2: =SUMIF('Meta Diária 2026'!B:B,A2,'Meta Diária 2026'!G:G) | D2: =C2-B2 | E2: =SUMIF('Meta Horária 2026'!B:B,A2,'Meta Horária 2026'!H:H) | F2: =E2-B2
A3: fev/26 | B3: 1308404 | C3: =SUMIF('Meta Diária 2026'!B:B,A3,'Meta Diária 2026'!G:G) | D3: =C3-B3 | E3: =SUMIF('Meta Horária 2026'!B:B,A3,'Meta Horária 2026'!H:H) | F3: =E3-B3
A4: mar/26 | B4: 1446495 | C4: =SUMIF('Meta Diária 2026'!B:B,A4,'Meta Diária 2026'!G:G) | D4: =C4-B4 | E4: =SUMIF('Meta Horária 2026'!B:B,A4,'Meta Horária 2026'!H:H) | F4: =E4-B4
A5: abr/26 | B5: 1429656 | C5: =SUMIF('Meta Diária 2026'!B:B,A5,'Meta Diária 2026'!G:G) | D5: =C5-B5 | E5: =SUMIF('Meta Horária 2026'!B:B,A5,'Meta Horária 2026'!H:H) | F5: =E5-B5
A6: mai/26 | B6: 1554861 | C6: =SUMIF('Meta Diária 2026'!B:B,A6,'Meta Diária 2026'!G:G) | D6: =C6-B6 | E6: =SUMIF('Meta Horária 2026'!B:B,A6,'Meta Horária 2026'!H:H) | F6: =E6-B6
A7: jun/26 | B7: 1457886 | C7: =SUMIF('Meta Diária 2026'!B:B,A7,'Meta Diária 2026'!G:G) | D7: =C7-B7 | E7: =SUMIF('Meta Horária 2026'!B:B,A7,'Meta Horária 2026'!H:H) | F7: =E7-B7
A8: jul/26 | B8: 1580517 | C8: =SUMIF('Meta Diária 2026'!B:B,A8,'Meta Diária 2026'!G:G) | D8: =C8-B8 | E8: =SUMIF('Meta Horária 2026'!B:B,A8,'Meta Horária 2026'!H:H) | F8: =E8-B8
A9: ago/26 | B9: 1809251 | C9: =SUMIF('Meta Diária 2026'!B:B,A9,'Meta Diária 2026'!G:G) | D9: =C9-B9 | E9: =SUMIF('Meta Horária 2026'!B:B,A9,'Meta Horária 2026'!H:H) | F9: =E9-B9
A10: set/26 | B10: 1787127 | C10: =SUMIF('Meta Diária 2026'!B:B,A10,'Meta Diária 2026'!G:G) | D10: =C10-B10 | E10: =SUMIF('Meta Horária 2026'!B:B,A10,'Meta Horária 2026'!H:H) | F10: =E10-B10
A11: out/26 | B11: 1905942 | C11: =SUMIF('Meta Diária 2026'!B:B,A11,'Meta Diária 2026'!G:G) | D11: =C11-B11 | E11: =SUMIF('Meta Horária 2026'!B:B,A11,'Meta Horária 2026'!H:H) | F11: =E11-B11
A12: nov/26 | B12: 1848497 | C12: =SUMIF('Meta Diária 2026'!B:B,A12,'Meta Diária 2026'!G:G) | D12: =C12-B12 | E12: =SUMIF('Meta Horária 2026'!B:B,A12,'Meta Horária 2026'!H:H) | F12: =E12-B12
A13: dez/26 | B13: 1987401 | C13: =SUMIF('Meta Diária 2026'!B:B,A13,'Meta Diária 2026'!G:G) | D13: =C13-B13 | E13: =SUMIF('Meta Horária 2026'!B:B,A13,'Meta Horária 2026'!H:H) | F13: =E13-B13
A14: Total | B14: =SUM(B2:B13) | C14: =SUM(C2:C13) | D14: =C14-B14 | E14: =SUM(E2:E13) | F14: =E14-B14

Sheet Meta Diária 2026
A1: Data | B1: Mês | C1: Dia da Semana | D1: Semana do Mês | E1: Peso Histórico (kWh médio) | F1: Peso dentro do mês | G1: Meta Diária (kWh) | H1: Meta Acumulada Mês | I1: Orçado Mês
A2: 46023 | B2: jan/26 | C2: Quinta | D2: 1 | E2: 33052.467 | F2: 0.027216409 | G2: 38848 | H2: 38848 | I2: 1427357
A3: 46024 | B3: jan/26 | C3: Sexta | D3: 1 | E3: 39806.485 | F3: 0.032777874 | G3: 46786 | H3: 85634 | I3: 1427357
A4: 46025 | B4: jan/26 | C4: Sábado | D4: 1 | E4: 40146.06 | F4: 0.03305749 | G4: 47185 | H4: 132819 | I4: 1427357
A5: 46026 | B5: jan/26 | C5: Domingo | D5: 1 | E5: 40193.082 | F5: 0.03309621 | G5: 47240 | H5: 180059 | I5: 1427357
A6: 46027 | B6: jan/26 | C6: Segunda | D6: 1 | E6: 37193.307 | F6: 0.030626103 | G6: 43714 | H6: 223773 | I6: 1427357
A7: 46028 | B7: jan/26 | C7: Terça | D7: 1 | E7: 40895.534 | F7: 0.03367463 | G7: 48066 | H7: 271839 | I7: 1427357
A8: 46029 | B8: jan/26 | C8: Quarta | D8: 1 | E8: 40307.475 | F8: 0.033190404 | G8: 47375 | H8: 319214 | I8: 1427357
A9: 46030 | B9: jan/26 | C9: Quinta | D9: 2 | E9: 40267.849 | F9: 0.033157775 | G9: 47328 | H9: 366542 | I9: 1427357
A10: 46031 | B10: jan/26 | C10: Sexta | D10: 2 | E10: 40000.307 | F10: 0.032937473 | G10: 47014 | H10: 413556 | I10: 1427357
A11: 46032 | B11: jan/26 | C11: Sábado | D11: 2 | E11: 41345.115 | F11: 0.034044829 | G11: 48594 | H11: 462150 | I11: 1427357
A12: 46033 | B12: jan/26 | C12: Domingo | D12: 2 | E12: 42386.923 | F12: 0.034902685 | G12: 49819 | H12: 511969 | I12: 1427357
A13: 46034 | B13: jan/26 | C13: Segunda | D13: 2 | E13: 38548.606 | F13: 0.031742098 | G13: 45307 | H13: 557276 | I13: 1427357
... A366: 46387 | B366: dez/26 | C366: Quinta | D366: 5 | E366: 40362.957 | F366: 0.029349763 | G366: 58332 | H366: 1987401 | I366: 1987401

Sheet Meta Horária 2026
A1: Data | B1: Mês | C1: Dia da Semana | D1: Hora | E1: Peso Histórico Hora (kWh médio) | F1: Peso Hora dentro do Dia | G1: Meta Diária (kWh) | H1: Meta Horária (kWh) | I1: Orçado Mês
A2: 46023 | B2: jan/26 | C2: Quinta | D2: 00:00 | E2: 1631.904 | F2: 0.049373138 | G2: 38848 | H2: 1918.0476 | I2: 1427357
A3: 46023 | B3: jan/26 | C3: Quinta | D3: 01:00 | E3: 1620.867 | F3: 0.049039214 | G3: 38848 | H3: 1905.0754 | I3: 1427357
A4: 46023 | B4: jan/26 | C4: Quinta | D4: 02:00 | E4: 1602.606 | F4: 0.048486729 | G4: 38848 | H4: 1883.6124 | I4: 1427357
A5: 46023 | B5: jan/26 | C5: Quinta | D5: 03:00 | E5: 1522.101 | F5: 0.046051056 | G5: 38848 | H5: 1788.9914 | I5: 1427357
A6: 46023 | B6: jan/26 | C6: Quinta | D6: 04:00 | E6: 1361.197 | F6: 0.041182917 | G6: 38848 | H6: 1599.874 | I6: 1427357
A7: 46023 | B7: jan/26 | C7: Quinta | D7: 05:00 | E7: 1234.502 | F7: 0.037349769 | G7: 38848 | H7: 1450.9638 | I7: 1427357
A8: 46023 | B8: jan/26 | C8: Quinta | D8: 06:00 | E8: 1250.374 | F8: 0.037829975 | G8: 38848 | H8: 1469.6189 | I8: 1427357
A9: 46023 | B9: jan/26 | C9: Quinta | D9: 07:00 | E9: 1292.97 | F9: 0.039118714 | G9: 38848 | H9: 1519.6838 | I9: 1427357
A10: 46023 | B10: jan/26 | C10: Quinta | D10: 08:00 | E10: 1378.003 | F10: 0.041691381 | G10: 38848 | H10: 1619.6268 | I10: 1427357
A11: 46023 | B11: jan/26 | C11: Quinta | D11: 09:00 | E11: 1496.198 | F11: 0.045267362 | G11: 38848 | H11: 1758.5465 | I11: 1427357
A12: 46023 | B12: jan/26 | C12: Quinta | D12: 10:00 | E12: 1373.154 | F12: 0.041544675 | G12: 38848 | H12: 1613.9275 | I12: 1427357
A13: 46023 | B13: jan/26 | C13: Quinta | D13: 11:00 | E13: 1157.819 | F13: 0.03502973 | G13: 38848 | H13: 1360.835 | I13: 1427357
... A8761: 46387 | B8761: dez/26 | C8761: Quinta | D8761: 23:00 | E8761: 1359.044 | F8761: 0.033670576 | G8761: 58332 | H8761: 1964.072 | I8761: 1987401
